district,school,school_id,e_pct_me_21,pct_poverty_21,e_pct_me_17,change_over_time,percent_change_over_time
"Charleston
County School
District","Pattison's Academy For
Comprehensive Education",1001628,14.3,90.2439024390244,0,14.3,Inf
"Richland School
District Two","Kelly Mill Med Pro Middle
School",4002091,10.9,51.60075329566855,2.7,8.2,303.7037037037037
"Charleston
County School
District",Sanders-Clyde Elementary,1001076,12.1,97.41602067183463,3.2,8.899999999999999,278.12499999999994
Florence 4,Brockington Elementary,2104043,13.1,92.66055045871559,4.2,8.899999999999999,211.90476190476187
"Charleston
County School
District",James Simons Montessori,1001079,42.6,52.83505154639175,15.399999999999999,27.200000000000003,176.62337662337666
"Allendale
County Schools","Allendale Elementary
School",0301004,24.6,94.22222222222221,11.3,13.3,117.69911504424779
"Hampton
District One",Fennell Elementary School,2501010,22.6,88.18897637795276,11.2,11.400000000000002,101.7857142857143
"Spartanburg
School District
Three","Cowpens Elementary
School",4203030,51.9,79.54022988505747,28.799999999999997,23.1,80.20833333333334
"Richland School
District One","Carver-Lyon Elementary
School",4001088,30.4,84.3501326259947,17,13.399999999999999,78.8235294117647
"Aiken County
Public School
District",Clearwater Elementary,0201024,47.2,83.9572192513369,26.5,20.700000000000003,78.11320754716982
Sumter Schools,Wilder,4301038,22.8,86.71679197994987,12.9,9.9,76.74418604651163
"Richland School
District One",Webber Elementary,4001064,40,88.55721393034825,22.7,17.3,76.2114537444934
"Charleston
County School
District","St. James Santee
Elementary-Middle",1001056,25.5,90.04739336492891,14.9,10.6,71.14093959731544
"Laurens County
School District
56","Joanna-Woodson
Elementary",3056022,31.4,83.22368421052632,18.4,13,70.65217391304348
"School District
Of Pickens
County","Crosswell Elementary
School",3901015,44.6,78.37259100642399,26.5,18.1,68.30188679245283
"South Carolina
Public Charter
School District","Felton Laboratory Charter
School",4701042,50,74.65181058495823,30.1,19.9,66.11295681063122
"Spartanburg
County School
District Six",Arcadia Elementary,4206057,18.1,80.0925925925926,10.9,7.200000000000001,66.05504587155964
"Clarendon
School District
Two","Manning Elementary
School",1402013,38.8,90.83044982698962,23.7,15.099999999999998,63.71308016877636
"Chesterfield
County School
District",Pageland Elementary,1301027,19,84.26966292134831,11.799999999999999,7.200000000000001,61.01694915254239
"School District
Of Pickens
County","Mckissick Academy Of
Science And Technology",3901029,34.5,83.4061135371179,21.7,12.8,58.986175115207374
"Richland School
District One","Watkins-Nance Elementary
School",4001092,22.8,98.81656804733728,14.4,8.4,58.333333333333336
"Spartanburg
School District
Two","Boiling Springs
Intermediate School",4202024,53.3,60.71428571428571,33.699999999999996,19.6,58.16023738872404
"Spartanburg
County School
District Six","Roebuck Elementary
School",4206086,37.5,73.01387137452711,23.9,13.600000000000001,56.903765690376574
"Spartanburg
School District
Two",Shoally Creek Elementary,4202090,60.5,64.47166921898928,38.599999999999994,21.900000000000006,56.73575129533681
"Richland School
District Two",Forest Lake Elementary,4002074,48.4,64.56692913385827,31,17.4,56.12903225806451
"The School
District Of
Greenville
County",Welcome Elementary,2301095,42.1,93.02325581395348,27.200000000000003,14.899999999999999,54.77941176470588
"Spartanburg
School District
Two","Cooley Springs-Fingerville
Elementary School",4202019,67.8,70,43.900000000000006,23.89999999999999,54.44191343963551
"Cherokee
County School
District 1",Alma Elementary School,1101005,26.7,88.125,17.3,9.399999999999999,54.33526011560693
"The School
District Of
Greenville
County",Grove Elementary School,2301104,27.3,93.96825396825396,17.8,9.5,53.37078651685393
"Horry County
Schools",Daisy Elementary,2601021,41.7,83.0155979202773,27.4,14.300000000000004,52.18978102189783
"Kershaw County
School District",Bethune Elementary,2801011,42.6,91.59663865546219,28,14.600000000000001,52.142857142857146
"Bamberg
School District 1",Richard Carroll Elementary,0501006,36.2,83.02180685358256,23.9,12.300000000000004,51.464435146443535
"Cherokee
County School
District 1","Draytonville Elementary
School",1101010,33.8,84.65346534653465,22.4,11.399999999999999,50.89285714285714
"Richland School
District One",Logan Elementary School,4001045,38.8,76,25.8,12.999999999999996,50.387596899224796
"Richland School
District One",Gadsden Elementary,4001036,31.7,95.74468085106383,21.4,10.3,48.13084112149533
"Beaufort County
School District","Joseph S. Shanklin
Elementary",0701022,30.3,86.97788697788698,20.5,9.8,47.804878048780495
"Fairfield County
School District",Fairfield Elementary School,2001014,16.5,95.86466165413535,11.3,5.199999999999999,46.01769911504424
"Cherokee
County School
District 1","Luther Vaughan
Elementary",1101019,19.4,89.66565349544074,13.3,6.099999999999998,45.86466165413532
"Spartanburg
School District
Seven","The Cleveland Academy Of
Leadership",4207077,21.4,97.79411764705883,14.9,6.499999999999998,43.62416107382549
"Charleston
County School
District",Memminger Elementary,1001057,15.5,79.35483870967742,10.799999999999999,4.700000000000001,43.51851851851853
"Spartanburg
School District
Seven","Jesse W. Boyd Elementary
School",4207074,54.9,55.119825708061,38.400000000000006,16.499999999999993,42.96874999999998
"Charleston
County School
District","Malcolm C. Hursey
Montessori",1001070,39.8,58.37563451776649,27.900000000000002,11.899999999999995,42.65232974910392
"Beaufort County
School District",Red Cedar Elementary,0701034,53.9,60.75085324232082,37.8,16.1,42.592592592592595
"Fairfield County
School District","Fairfield Magnet School For
Math And Science",2001015,61.4,83.9622641509434,43.1,18.299999999999997,42.45939675174013
"Chesterfield
County School
District","Edwards Elementary
School",1301014,43,70.85714285714285,30.4,12.600000000000001,41.44736842105264
"Hampton
District One","Hampton Elementary
School",2501006,39.4,78.46607669616519,28,11.399999999999999,40.71428571428571
"Chesterfield
County School
District","Cheraw Intermediate
School",1301026,26.3,82.37885462555066,18.7,7.600000000000001,40.64171122994653
"South Carolina
Public Charter
School District","Lowcountry Montessori
School",4701037,48.4,50.306748466257666,34.8,13.600000000000001,39.08045977011495
"York School
District One",Jefferson Elementary,4601008,35.6,78.25,25.6,10,39.0625
"Aiken County
Public School
District","Ridge Spring-Monetta
Elementary School",0201059,27.8,89.73607038123167,20,7.800000000000001,39
"Darlington
County School
District","Rosenwald
Elementary/Middle School",1601020,18.2,87.96992481203007,13.2,5,37.878787878787875
"York School
District One","Hickory Grove Sharon
Elementary",4601045,40.2,65.87301587301587,29.2,11.000000000000004,37.67123287671234
"Anderson
School District
Three",Starr Elementary,0403026,60,67.42268041237114,43.6,16.4,37.61467889908256
"Spartanburg
School District
Two","Boiling Springs Elementary
School",4202015,57.8,56.930693069306926,42.3,15.5,36.643026004728135
"School District
Of Newberry
County","Whitmire Community
School",3601021,50,70.3862660944206,36.8,13.200000000000003,35.86956521739131
"School District
Of Pickens
County",West End Elementary,3901028,46.7,78.24620573355818,34.4,12.300000000000004,35.755813953488385
"Darlington
County School
District","St. John's Elementary
School",1601026,29.7,84.8,21.9,7.800000000000001,35.61643835616439
"Anderson
School District
One",Palmetto Elementary,0401004,46.6,68.55575868372942,34.4,12.200000000000003,35.465116279069775
"Beaufort County
School District","St. Helena Elementary
School",0701020,21.3,93.8375350140056,15.899999999999999,5.400000000000002,33.96226415094341
Lancaster,Buford Elementary School,2901012,50,65.45454545454545,37.4,12.600000000000001,33.68983957219252
"Spartanburg
School District
Three",Pacolet Elementary School,4203034,47.1,76.23762376237624,35.3,11.800000000000004,33.42776203966007
"Greenwood
School District
50",Hodges Elementary School,2450016,48.1,57.49999999999999,36.2,11.899999999999999,32.872928176795575
"The School
District Of
Greenville
County","Fountain Inn Elementary
School",2301058,47.6,75,35.900000000000006,11.699999999999996,32.59052924791085
"Cherokee
County School
District 1",Corinth Elementary School,1101009,49.3,74.22360248447205,37.2,12.099999999999994,32.52688172043009
"Spartanburg
County School
District Six","Lone Oak Elementary
School",4206061,25.8,84.40677966101696,19.5,6.300000000000001,32.30769230769231
"Laurens County
School District
56",Eastside Elementary,3056023,33.3,85.21739130434783,25.2,8.099999999999998,32.14285714285713
"Spartanburg
School District
Seven",Ep Todd School,4207075,32,80.97222222222223,24.4,7.600000000000001,31.147540983606564
"Florence One
Schools","Dewey L. Carter
Elementary School",2101019,34.6,82.1875,26.4,8.200000000000003,31.060606060606073
"Williston School
District
(Barnwell 29)","Kelly Edwards Elementary
School",0629007,31.7,84.72222222222221,24.200000000000003,7.4999999999999964,30.991735537190063
"Beaufort County
School District","Broad River Elementary
School",0701010,44.4,68.3371298405467,33.9,10.5,30.973451327433633
"Union County
Schools","Monarch Elementary
School",4401017,34.8,75.20833333333333,26.6,8.199999999999996,30.827067669172912
"Horry County
Schools",Seaside Elementary School,2601050,60,67.38197424892704,46,14,30.434782608695656
"Richland School
District One",Carolina School For Inquiry,4001603,42.1,83.94160583941606,32.3,9.800000000000004,30.340557275541812
"Beaufort County
School District","Hilton Head Island
Elementary School For The
Creative Arts",0701032,48.1,61.84873949579832,37,11.100000000000001,30.000000000000004
"Aiken County
Public School
District","Oakwood-Windsor
Elementary",0201054,28.2,83.16326530612244,21.8,6.399999999999999,29.357798165137606
"School District
Of Newberry
County","Little Mountain Elementary
School",3601010,54.8,56.29820051413882,42.400000000000006,12.399999999999991,29.2452830188679
"Kershaw County
School District",Wateree Elementary,2801022,52,60.53370786516854,40.3,11.700000000000003,29.032258064516135
"Kershaw County
School District",Pine Tree Hill Elementary,2801021,51.4,64.44007858546169,40,11.399999999999999,28.499999999999996
"Anderson
District 4","La France Elementary
School",0404031,63.6,60.72351421188631,49.5,14.100000000000001,28.484848484848484
"Chester County
School District","Lewisville Elementary
School",1201014,42.3,75.8,33,9.299999999999997,28.181818181818173
"Spartanburg
School District
Seven","Mary H. Wright Elementary
School",4207085,21.2,95.4233409610984,16.6,4.599999999999998,27.710843373493958
"Laurens County
School District
55","Gray Court-Owings
Elementary/Middle School",3055016,23.6,77.64390896921017,18.5,5.100000000000001,27.567567567567576
"Richland School
District Two",Joseph Keels Elementary,4002075,26.9,92.65033407572383,21.1,5.799999999999997,27.488151658767755
"Anderson
School District
Two",Belton Elementary School,0402013,47.8,72.22222222222221,37.5,10.299999999999997,27.46666666666666
"The School
District Of
Greenville
County",Mountain View Elementary,2301071,67.2,54.26917510853835,52.9,14.300000000000004,27.032136105860122
"Charleston
County School
District",Jane Edwards Elementary,1001039,23.5,86.3013698630137,18.5,5,27.027027027027028
"South Carolina
Public Charter
School District",High Point Academy,4701034,44.3,56.65839536807279,35.1,9.199999999999996,26.2108262108262
Clarendon 1,"Dr. Rose H.Wilder
Elementary",1401005,24.1,95.07042253521126,19.099999999999998,5.0000000000000036,26.17801047120421
"Aiken County
Public School
District","North Aiken Elementary
School",0201038,19.3,92.76595744680851,15.299999999999999,4.000000000000002,26.143790849673216
Lancaster,"Heath Springs Elementary
School",2901019,41.1,63.098591549295776,32.6,8.5,26.07361963190184
"Horry County
Schools","St James Elementary
School",2601030,67.4,53.91527599486521,53.5,13.900000000000006,25.981308411214965
"Cherokee
County School
District 1","Mary Bramlett Elementary
School",1101011,9.8,90.69767441860465,7.800000000000001,2,25.64102564102564
"Kershaw County
School District",Blaney Elementary School,2801012,47.7,67.94117647058823,38,9.700000000000003,25.526315789473692
"Anderson
School District
Five",Mclees Elementary,0405062,48.5,71.70138888888889,38.7,9.799999999999997,25.322997416020666
"Rock Hill School
District (York 3)","Ebenezer Avenue
Elementary",4603022,45.7,61.97183098591549,36.5,9.200000000000003,25.205479452054803
"School District
Of Oconee
County","Ravenel Elementary
School",3701017,49.2,66.84118673647468,39.300000000000004,9.899999999999999,25.190839694656482
"Lexington
County School
District One","Red Bank Elementary
School",3201011,45.6,66.73387096774194,36.5,9.100000000000001,24.93150684931507
"Cherokee
County School
District 1","Blacksburg Elementary
School",1101020,38,75.75757575757575,30.5,7.5,24.59016393442623
"Anderson
School District
Two","Honea Path Elementary
School",0402018,44.7,74.66918714555766,35.9,8.800000000000004,24.512534818941518
"Horry County
Schools",Conway Elementary School,2601036,55.4,61.52570480928689,44.5,10.899999999999999,24.494382022471907
"School District
Of Oconee
County","Tamassee-Salem
Elementary School",3701020,44.9,66.18357487922705,36.099999999999994,8.800000000000004,24.376731301939074
"The School
District Of
Greenville
County",Mauldin Elementary School,2301067,53.9,68.39266450916936,43.5,10.399999999999999,23.90804597701149
"Marlboro
County School
District","Bennettsville Intermediate
School",3501029,16.6,94.17040358744396,13.4,3.200000000000001,23.88059701492538
"Lexington
School District
Two",Springdale Elementary,3202024,55,59.78835978835979,44.4,10.600000000000001,23.873873873873876
"The School
District Of
Greenville
County",Ellen Woodside,2301100,46.3,70.94133697135061,37.4,8.899999999999999,23.796791443850264
"Richland School
District Two","Lonnie B. Nelson
Elementary School",4002076,44.6,68.43033509700176,36.2,8.399999999999999,23.204419889502756
"Florence School
District Five","Johnsonville Elementary
School",2105047,38,78.78151260504201,30.9,7.100000000000001,22.977346278317157
"The School
District Of
Greenville
County",Greenbrier Elementary,2301101,54.1,67.94871794871796,44,10.100000000000001,22.954545454545457
"Kershaw County
School District","Baron Dekalb Elementary
School",2801010,54.2,68.30601092896174,44.1,10.100000000000001,22.90249433106576
"Charleston
County School
District",Hunley Park Elementary,1001046,29.3,73.5,23.9,5.400000000000002,22.594142259414234
"Horry County
Schools",South Conway Elementary,2601045,44.9,85,36.7,8.199999999999996,22.343324250681185
"Horry County
Schools",Pee Dee Elementary,2601039,43.9,78.55263157894737,35.9,8,22.284122562674096
"Richland School
District One",A.C. Moore Elementary,4001048,45.7,63.78378378378379,37.4,8.300000000000004,22.192513368983967
"Spartanburg
School District
Two","James H Hendrix
Elementary School",4202020,46.9,72.47278382581649,38.5,8.399999999999999,21.818181818181813
"Horry County
Schools",Palmetto Bays Elementary,2601056,49.2,81.62544169611307,40.5,8.700000000000003,21.481481481481488
"Florence One
Schools",North Vista Elementary,2101016,29,92.26804123711341,24,5,20.833333333333336
"Greenwood
School District
52","Ninety Six Elementary
School",2452027,53.4,67.96407185628742,44.3,9.100000000000001,20.541760722347636
"Spartanburg
School District 5","Wellford Academy Of
Science And Technology",4205052,44.3,71.03448275862068,36.8,7.5,20.3804347826087
Sumter Schools,Alice Drive Elementary,4301026,45.8,60.775193798449614,38.1,7.699999999999996,20.209973753280828
"The School
District Of
Greenville
County","Monaview Elementary
School",2301069,25.6,87.97127468581688,21.3,4.300000000000001,20.187793427230048
"Marlboro
County School
District",Clio Elementary School,3501023,16.9,92.43697478991596,14.1,2.799999999999999,19.858156028368786
"Spartanburg
School District
One","Holly Springs-Motlow
Elementary",4201009,52.6,65.13317191283294,43.9,8.700000000000003,19.81776765375855
"Spartanburg
School District
Two","Chesnee Elementary
School",4202018,52.3,66.78260869565219,43.7,8.599999999999994,19.679633867276873
"Beaufort County
School District","Mossy Oaks Elementary
School",0701015,46.7,75.0733137829912,39.1,7.600000000000001,19.43734015345269
"The School
District Of
Greenville
County",Blythe Academy,2301038,60.6,55.64803804994055,50.8,9.800000000000004,19.291338582677177
"Richland School
District One","Edward E. Taylor
Elementary School",4001053,23.8,94.52054794520548,20,3.8000000000000007,19.000000000000004
"The School
District Of
Greenville
County",Bethel Elementary School,2301037,60.4,52.45535714285714,50.9,9.5,18.664047151277014
"School District
Of Pickens
County",Forest Acres Elementary,3901018,54.7,54.39330543933054,46.099999999999994,8.600000000000009,18.655097613882884
"Lexington
School District
Four",Sandhills Elementary,3204039,17.9,82.24852071005917,15.1,2.799999999999999,18.543046357615886
"Spartanburg
County School
District Six","Anderson Mill Elementary
School",4206088,48.5,55.59380378657487,41,7.5,18.29268292682927
"Fairfield County
School District",Geiger Elementary,2001012,36.4,87.109375,30.8,5.599999999999998,18.181818181818173
"The School
District Of
Greenville
County","Crestview Elementary
School",2301047,45.5,75.87859424920129,38.6,6.899999999999999,17.87564766839378
"Spartanburg
County School
District Six","Jesse S. Bobo Elementary
School",4206065,18.7,87.34793187347933,15.899999999999999,2.8000000000000007,17.610062893081768
"The School
District Of
Greenville
County",Mitchell Road Elementary,2301068,57.6,68.93039049235993,49,8.600000000000001,17.551020408163268
"Anderson
School District
One","West Pelzer Elementary
School",0401009,43.6,71.3917525773196,37.099999999999994,6.500000000000007,17.520215633423202
"Spartanburg
School District 5","Duncan Elementary School
Of The Arts",4205046,35.6,73.6,30.4,5.200000000000003,17.105263157894747
"York School
District One",Hunter Street Elementary,4601046,50,66.04215456674473,42.7,7.299999999999997,17.09601873536299
"Beaufort County
School District",Lady's Island Elementary,0701014,35.2,77.57847533632287,30.099999999999998,5.100000000000005,16.943521594684402
"Charleston
County School
District",Springfield Elementary,1001081,41,67.93048973143759,35.1,5.899999999999999,16.8091168091168
"Aiken County
Public School
District",Byrd Elementary,0201021,35.5,60.437710437710436,30.4,5.100000000000001,16.77631578947369
"School District
Of Oconee
County","Fair-Oak Elementary
School",3701027,47.5,71.20954003407155,40.7,6.799999999999997,16.707616707616697
Saluda,"Hollywood Elementary
School",4101010,46.2,65.15837104072398,39.6,6.600000000000001,16.666666666666668
"Lexington
School District
Two","Congaree Elementary
School",3202019,24.5,85.96059113300493,21,3.5,16.666666666666664
"Spartanburg
School District 5",Lyman Elementary School,4205095,52,60.379918588873814,44.6,7.399999999999999,16.59192825112107
"Colleton County
School District","Cottageville Elementary
School",1501011,27.2,85.35564853556485,23.400000000000002,3.799999999999997,16.239316239316224
"School District
Of Pickens
County",Dacusville Elementary,3901016,43.2,69.83240223463687,37.2,6,16.129032258064516
"Aiken County
Public School
District","East Aiken School Of The
Arts",0201027,44.9,72.85974499089252,38.7,6.199999999999996,16.02067183462531
Lancaster,"Kershaw Elementary
School",2901023,27.9,73.82297551789078,24.1,3.799999999999997,15.767634854771773
"The School
District Of
Greenville
County","Thomas E. Kerns
Elementary School",2301115,28.2,93.81625441696113,24.4,3.8000000000000007,15.573770491803282
"Aiken County
Public School
District",Warrenville Elementary,0201052,40,70.08797653958945,34.7,5.299999999999997,15.273775216138318
"Rock Hill School
District (York 3)",Oakdale Steam Elementary,4603030,35.5,68.59504132231406,30.8,4.699999999999999,15.259740259740257
"Kershaw County
School District",Midway Elementary School,2801019,33.3,78.85196374622356,28.9,4.399999999999999,15.224913494809684
"Jasper County
School District","Ridgeland Elementary
School",2701011,18.3,89.25120772946859,15.899999999999999,2.400000000000002,15.094339622641526
"Beaufort County
School District","Robert Smalls International
Academy",0701040,19.2,79.40717628705148,16.7,2.5,14.970059880239523
"Cherokee
County School
District 1","Northwest Eelemntary
School",1101023,47,66.15776081424937,41,6,14.634146341463413
"Florence One
Schools",Briggs Elementary School,2101008,48.8,63.921568627450974,42.6,6.199999999999996,14.55399061032863
"The School
District Of
Greenville
County","A.J. .Whittenberg
Elementary School Of
Engineering",2301119,57.6,69.77225672877847,50.4,7.200000000000003,14.28571428571429
"Clover School
District (York 2)",Kinard Elementary School,4602014,42.9,57.2463768115942,37.6,5.299999999999997,14.095744680851055
"Hampton
District One","Brunson Elementary
School",2501004,41.3,69.27710843373494,36.3,5,13.774104683195592
"Horry County
Schools","Ocean Drive Elementary
School",2601066,60.8,60.63694267515923,53.5,7.299999999999997,13.644859813084107
"Spartanburg
School District
One",New Prospect Elementary,4201011,53,60.6951871657754,46.7,6.299999999999997,13.490364025695925
"Horry County
Schools",Forestbrook Elementary,2601046,62.8,60.42841037204059,55.4,7.399999999999999,13.357400722021659
"Lexington
School District
Two","Saluda River Academy For
The Arts",3202023,44.2,76.49253731343283,39,5.200000000000003,13.333333333333341
"Horry County
Schools",Riverside Elementary,2601068,48.6,71.45187601957585,42.9,5.700000000000003,13.286713286713296
"The School
District Of
Greenville
County","Gateway Elementary
School",2301027,56.3,59.69924812030075,49.7,6.599999999999994,13.27967806841045
"Beaufort County
School District","Michael C. Riley
Elementary And Early
Childhood Center",0701017,45.5,71.3091922005571,40.2,5.299999999999997,13.184079601990042
"The School
District Of
Greenville
County",Tigerville Elementary,2301090,72.2,51.162790697674424,63.800000000000004,8.399999999999999,13.166144200626956
"Greenwood
School District
50","Mathews Elementary
School",2450011,36.1,93.125,31.900000000000002,4.199999999999999,13.166144200626956
"South Carolina
Public Charter
School District","Spartanburg Preparatory
School",4701006,46.6,73.42419080068143,41.2,5.399999999999999,13.106796116504851
"Florence One
Schools","Savannah Grove
Elementary School",2101018,29.8,79.19847328244275,26.4,3.400000000000002,12.878787878787886
"Anderson
School District
Three",Flat Rock Elementary,0403027,45.3,79.21052631578948,40.2,5.099999999999994,12.686567164179088
"Aiken County
Public School
District","Belvedere Elementary
School",0201019,50.9,63.114754098360656,45.2,5.699999999999996,12.610619469026538
"York School
District One","Harold C. Johnson
Elementary",4601049,27.8,79.59183673469387,24.700000000000003,3.099999999999998,12.550607287449383
"Anderson
School District
Five","Nevitt Forest Elementary
School",0405050,22.6,93.81044487427465,20.1,2.5,12.43781094527363
"Horry County
Schools","Lakewood Elementary
School",2601029,62.6,61.25714285714285,55.7,6.899999999999999,12.387791741472169
"The School
District Of
Greenville
County",Armstrong Elementary,2301031,34,87.01657458563537,30.3,3.6999999999999993,12.211221122112208
"Richland School
District Two",Windsor Elementary,4002077,22.6,84.44846292947558,20.2,2.400000000000002,11.881188118811892
"Edgefield
County School
District","Merriwether Elementary
School",1901008,43.2,55.27369826435247,38.7,4.5,11.627906976744185
"School District
Five Of
Lexington &
Richland Count","H. E. Corley Elementary
School Leadership Magnet
And Montessori M",3205049,49.7,68.97163120567376,44.599999999999994,5.1000000000000085,11.434977578475356
"Kershaw County
School District",Jackson School,2801013,27.3,83.54430379746836,24.5,2.8000000000000007,11.42857142857143
"Beaufort County
School District",Bluffton Elementary,0701024,47.4,50.323415265200524,42.599999999999994,4.800000000000004,11.267605633802829
"Horry County
Schools","River Oaks Elementary
School",2601065,55.8,54.995499549955,50.2,5.599999999999994,11.155378486055765
"Charleston
County School
District",Angel Oak Elementary,1001083,31.6,61.09375,28.5,3.1000000000000014,10.877192982456146
"Lexington
School District
Four","Frances Mack Intermediate
School",3204035,18.5,83.04093567251462,16.7,1.8000000000000007,10.77844311377246
"School District
Of Pickens
County",Liberty Elementary,3901022,39.1,75.56561085972851,35.3,3.8000000000000043,10.76487252124647
"Anderson
District 4",Townville Elementary,0404036,61.7,68.18181818181817,55.8,5.900000000000006,10.573476702508971
"Aiken County
Public School
District","Gloverville Elementary
School",0201029,44.4,71.47239263803681,40.2,4.199999999999996,10.44776119402984
"Rock Hill School
District (York 3)","Old Pointe Elementary
School",4603040,52,53.131749460043196,47.1,4.899999999999999,10.403397027600846
"The School
District Of
Greenville
County",Berea Elementary School,2301036,39.7,88.6509635974304,36,3.700000000000003,10.277777777777786
"The School
District Of
Greenville
County",Taylors Elementary School,2301089,48.9,62.74787535410765,44.5,4.399999999999999,9.8876404494382
"School District
Of Newberry
County","Prosperity-Rikard
Elementary School",3601022,44,68.83116883116884,40.2,3.799999999999997,9.452736318407952
"Rock Hill School
District (York 3)","Finley Road Elementary
School",4603026,25.6,85.49382716049382,23.4,2.200000000000003,9.401709401709414
"School District
Of Newberry
County",Reuben Elementary,3601015,28.3,83.94160583941606,25.9,2.400000000000002,9.266409266409276
"Anderson
School District
Five","Centerville Elementary
School",0405044,40.8,79.2248062015504,37.4,3.3999999999999986,9.090909090909086
"Anderson
School District
One",Spearman Elementary,0401011,58.8,51.21255349500713,53.900000000000006,4.8999999999999915,9.090909090909074
"Horry County
Schools","Burgess Elementary
School",2601063,62.2,61.91198786039453,57.1,5.100000000000001,8.931698774080562
"Union County
Schools",Buffalo Elementary School,4401007,28.2,88.53754940711462,25.9,2.3000000000000007,8.880308880308883
"Berkeley County
School District",St. Stephen Elementary,0801028,24.7,90.03021148036254,22.7,2,8.81057268722467
"Edgefield
County School
District","Johnston Elementary
School",1901005,27.2,87.17948717948718,25,2.1999999999999993,8.799999999999997
"Spartanburg
School District
One",Inman Intermediate School,4201088,40.8,64.8876404494382,37.5,3.299999999999997,8.799999999999992
"Kershaw County
School District",Lugoff Elementary School,2801018,50.8,65.24271844660194,46.7,4.099999999999994,8.779443254817973
"Richland School
District One",Bradley Elementary School,4001024,35.2,88.97849462365592,32.4,2.8000000000000043,8.641975308641989
"Berkeley County
School District",J. K. Gourdin Elementary,0801020,35.6,90.29126213592234,32.8,2.8000000000000043,8.536585365853671
"Horry County
Schools","Bridgewater Academy
Charter",2601601,45.2,82.67716535433071,41.699999999999996,3.500000000000007,8.393285371702655
"Chester County
School District","The Academy For
Teaching And Learning",1201601,29.8,67.55952380952381,27.5,2.3000000000000007,8.363636363636367
"The School
District Of
Greenville
County","Sue Cleveland Elementary
School",2301043,27.9,90.28037383177569,25.8,2.099999999999998,8.139534883720922
"Dillon School
District Three",Latta Elementary School,1703024,48.3,78.23920265780731,44.8,3.5,7.8125
"Horry County
Schools",Kingston Elementary,2601028,47.1,65.96244131455398,43.7,3.3999999999999986,7.7803203661327185
"The School
District Of
Greenville
County","Slater Marietta Elementary
School",2301084,41.6,81.21546961325967,38.6,3,7.772020725388601
"Charleston
County School
District",Oakland Elementary,1001068,47.3,56.81818181818182,43.900000000000006,3.3999999999999915,7.744874715261939
"Aiken County
Public School
District","North Augusta Elementary
School",0201039,46.8,54.07066052227343,43.5,3.299999999999997,7.586206896551717
"Spartanburg
School District 5","River Ridge Elementary
School",4205090,48.7,56.85785536159601,45.3,3.4000000000000057,7.505518763796923
"Spartanburg
School District 5","Beech Springs
Intermediate School",4205089,39.3,61.56156156156156,36.6,2.6999999999999957,7.377049180327856
"Spartanburg
School District
Two",Oakland Elementary,4202088,57.1,55.467511885895405,53.2,3.8999999999999986,7.33082706766917
"Richland School
District One",Hopkins Elementary School,4001040,23.5,92.43027888446214,21.9,1.6000000000000014,7.305936073059367
"The School
District Of
Greenville
County","Heritage Elementary
School",2301107,46.8,78.43478260869566,43.7,3.0999999999999943,7.093821510297469
"The School
District Of
Greenville
County","Robert E. Cashion
Elementary",2301113,36.8,83.62944162436548,34.4,2.3999999999999986,6.976744186046507
"School District
Of Oconee
County",Keowee Elementary School,3701012,58,57.68194070080862,54.3,3.700000000000003,6.813996316758754
"Rock Hill School
District (York 3)","Mount Holly Elementary
School",4603043,40.8,68.75,38.2,2.5999999999999943,6.806282722513074
"Anderson
School District
Three",Iva Elementary School,0403024,49.4,77.68817204301075,46.3,3.1000000000000014,6.695464362850975
"The School
District Of
Greenville
County",Fork Shoals School,2301057,53.4,56.058394160583944,50.099999999999994,3.3000000000000043,6.586826347305398
"Chester County
School District","Great Falls Elementary
School",1201011,31.3,86.79245283018868,29.400000000000002,1.8999999999999986,6.4625850340136
"Union County
Schools","Foster Park Elementary
School",4401012,23.2,88.84462151394422,21.8,1.3999999999999986,6.422018348623847
Sumter Schools,"Pocalla Springs Elementary
School",4301040,17.9,84,16.900000000000002,0.9999999999999964,5.917159763313587
"Berkeley County
School District",H. E. Bonner Elementary,0801024,39.4,76.62538699690403,37.2,2.1999999999999957,5.9139784946236436
"Horry County
Schools",Waterway Elementary,2601067,49.1,71.0455764075067,46.4,2.700000000000003,5.818965517241385
"Spartanburg
School District
Two","Carlisle-Foster's Grove
Elementary",4202087,59.9,57.07964601769911,56.7,3.1999999999999957,5.643738977072302
"Anderson
District 4","Pendleton Elementary
School",0404034,37.6,75.07246376811594,35.6,2,5.617977528089887
"Clover School
District (York 2)",Bethany Elementary,4602011,55.9,60,53,2.8999999999999986,5.471698113207545
"School District
Of Oconee
County","Northside Elementary
School",3701013,49,64.66876971608832,46.5,2.5,5.376344086021505
"Richland School
District Two",North Springs Elementary,4002080,37.9,66.56891495601172,36,1.8999999999999986,5.277777777777773
"Horry County
Schools",Aynor Elementary School,2601014,46,67.87096774193549,43.7,2.299999999999997,5.263157894736835
Lancaster,"Discovery Charter Of
Lancaster",2901611,46.8,51.42857142857142,44.5,2.299999999999997,5.16853932584269
"Spartanburg
School District
One",O.P. Earle Elementary,4201007,41.1,69.13265306122449,39.1,2,5.115089514066496
"School District
Of Pickens
County",Ambler Elementary,3901033,47.9,67.12707182320442,45.6,2.299999999999997,5.0438596491228
"The School
District Of
Greenville
County","Brushy Creek Elementary
School",2301039,63.6,51.6914749661705,60.6,3,4.9504950495049505
"Beaufort County
School District","Port Royal Elementary
School",0701016,32.3,84.70588235294117,30.8,1.4999999999999964,4.870129870129858
"Horry County
Schools",Homewood Elementary,2601025,37.2,84.82428115015975,35.5,1.7000000000000028,4.788732394366205
"Kershaw County
School District",Mt. Pisgah Elementary,2801020,53.1,71.0691823899371,50.900000000000006,2.1999999999999957,4.322200392927299
"Lexington
School District
Two","Herbert A. Wood
Elementary School",3202027,29.1,82.65835929387332,27.900000000000002,1.1999999999999993,4.301075268817201
"The School
District Of
Greenville
County",Summit Drive Elementary,2301087,60.7,52.73972602739726,58.2,2.5,4.29553264604811
"Aiken County
Public School
District",Millbrook Elementary,0201035,44.7,62.637362637362635,42.9,1.8000000000000043,4.195804195804206
"School District
Of Oconee
County",Westminster Elementary,3701023,34.9,70.05208333333334,33.5,1.3999999999999986,4.179104477611936
"The School
District Of
Greenville
County",Bryson Elementary School,2301040,53.3,66.74937965260546,51.3,2,3.8986354775828467
"Colleton County
School District","Forest Hills Elementary
School",1501012,24,87.97595190380761,23.1,0.8999999999999986,3.89610389610389
"Florence One
Schools",Royall Elementary School,2101017,61.7,62.34458259325044,59.4,2.3000000000000043,3.8720538720538795
"The School
District Of
Greenville
County","Simpsonville Elementary
School",2301081,53.7,62.466487935656836,51.7,2,3.8684719535783363
"Berkeley County
School District",Cainhoy Elementary School,0801015,14.1,91.51515151515152,13.6,0.5,3.6764705882352944
"Beaufort County
School District","Hilton Head Island
Elementary School",0701033,49.4,60.543337645536866,47.7,1.6999999999999957,3.563941299790347
"Chesterfield
County School
District",Ruby Elementary School,1301023,41,67.66917293233082,39.6,1.3999999999999986,3.535353535353532
Sumter Schools,"High Hills Elementary
School",4301012,23.5,68.68932038834951,22.7,0.8000000000000007,3.524229074889871
"Aiken County
Public School
District",Hammond Hill Elementary,0201031,47.6,50,46,1.6000000000000014,3.4782608695652204
"The School
District Of
Greenville
County",East North Street Academy,2301054,40.2,84.10958904109589,38.9,1.3000000000000043,3.3419023136246895
"Cherokee
County School
District 1","Goucher Elementary
School",1101012,30.7,80.44444444444444,29.8,0.8999999999999986,3.020134228187915
"Barnwell School
District 45","Barnwell Elementary
School",0645012,32.1,79.90314769975787,31.2,0.9000000000000021,2.8846153846153912
"Charleston
County School
District",Charleston Progressive,1001101,25,93.48659003831418,24.299999999999997,0.7000000000000028,2.8806584362140035
"The School
District Of
Greenville
County","Lake Forest Elementary
School",2301063,45.4,78.51239669421489,44.2,1.1999999999999957,2.7149321266968225
"Richland School
District One",Annie Burnside Elementary,4001027,21.5,88.95522388059702,21,0.5,2.380952380952381
"Aiken County
Public School
District",J.D. Lever Elementary,0201022,30.2,77.16701902748414,29.5,0.6999999999999993,2.372881355932201
"Dorchester
District Four",Clay Hill Elementary School,1804021,30.8,81.87919463087249,30.1,0.6999999999999993,2.3255813953488347
"Aiken County
Public School
District","Mossy Creek Elementary
School",0201058,42.6,69.06354515050167,41.7,0.8999999999999986,2.1582733812949604
"The School
District Of
Greenville
County",Skyland Elementary School,2301083,62.3,58.734939759036145,61,1.2999999999999972,2.131147540983602
"Anderson
School District
One",Cedar Grove Elementary,0401005,54.2,66.42468239564428,53.1,1.1000000000000014,2.0715630885122436
"Berkeley County
School District",Nexton Elementary,0801053,56.1,52.060737527114966,55.1,1,1.8148820326678767
Lancaster,North Elementary School,2901014,41.4,70.41322314049587,40.7,0.6999999999999957,1.719901719901709
"Rock Hill School
District (York 3)","India Hook Elementary
School",4603039,52.6,50.45537340619308,51.900000000000006,0.6999999999999957,1.3487475915221496
"Kershaw County
School District",Doby's Mill Elementary,2801024,44.5,61.45339652448657,44,0.5,1.1363636363636365
"Charleston
County School
District",Minnie Hughes Elementary,1001045,17.9,92.48554913294798,17.7,0.1999999999999993,1.1299435028248548
"Rock Hill School
District (York 3)",Lesslie Elementary School,4603027,46.3,63.76404494382022,45.8,0.5,1.091703056768559
"School District
Of Newberry
County","Boundary Street
Elementary",3601005,29.3,80.25210084033614,29,0.3000000000000007,1.0344827586206922
"South Carolina
Public Charter
School District",Riverwalk Academy,4701033,41.1,50.54545454545455,40.7,0.3999999999999986,0.9828009828009793
Lancaster,"Mcdonald Green
Elementary",2901024,32.6,74.42528735632183,32.300000000000004,0.29999999999999716,0.9287925696594338
"Rock Hill School
District (York 3)","Independence Elementary
School",4603036,45.7,69.29637526652452,45.5,0.20000000000000284,0.4395604395604458
"Horry County
Schools","Carolina Forest Elementary
School",2601049,55.5,60.9973285841496,55.3,0.20000000000000284,0.36166365280289847
"Kershaw County
School District","Camden Elementary
School",2801015,45.3,56.34057971014492,45.2,0.09999999999999432,0.22123893805308475
"Richland School
District One","Burton-Pack Elementary
School",4001089,18.1,98.0295566502463,18.099999999999998,3.552713678800501e-15,1.962825236906354e-14
"Horry County
Schools",Academy Of Hope Charter,2601603,18.8,94.9579831932773,18.8,0,0
"Anderson
School District
Five",Concord Elementary,0405045,65.2,50.45045045045045,65.3,-0.09999999999999432,-0.15313935681469268
"Greenwood
School District
50","Pinecrest Elementary
School",2450014,29.8,84.59770114942529,29.9,-0.09999999999999787,-0.33444816053510995
"Laurens County
School District
56",Clinton Elementary School,3056019,38.1,78.5876993166287,38.400000000000006,-0.30000000000000426,-0.7812500000000109
"Florence One
Schools",Mclaurin Elementary,2101012,43.9,66.11374407582939,44.3,-0.3999999999999986,-0.9029345372460464
"Berkeley County
School District",Mount Holly Elementary,0801040,30.3,76.93693693693695,30.6,-0.3000000000000007,-0.9803921568627474
"Berkeley County
School District",Cross Elementary,0801016,29.2,90.6060606060606,29.5,-0.3000000000000007,-1.0169491525423753
"Aiken County
Public School
District","Redcliffe Elementary
School",0201055,36.9,73.44992050874404,37.3,-0.3999999999999986,-1.0723860589812295
"Richland School
District One","Caughman Road
Elementary",4001032,26.9,82.04724409448819,27.2,-0.3000000000000007,-1.102941176470591
"Dorchester
School District
Two",Alston-Bailey Elementary,1802031,44.1,70.5246913580247,44.7,-0.6000000000000014,-1.342281879194634
"Charleston
County School
District",Mt. Zion Elementary,1001095,31,82.49027237354085,31.5,-0.5,-1.5873015873015872
Saluda,Saluda Elementary School,4101006,24.6,86.46153846153845,25,-0.3999999999999986,-1.5999999999999945
"Union County
Schools","Jonesville Elementary
Middle School",4401014,23.3,74.55830388692578,23.7,-0.3999999999999986,-1.6877637130801628
"Marlboro
County School
District","Wallace Elementary Middle
School",3501025,22.1,83.59550561797752,22.5,-0.3999999999999986,-1.7777777777777715
"Chester County
School District","Chester Park Elementary
School Of The Arts",1201020,23,84.25414364640883,23.5,-0.5,-2.127659574468085
"Anderson
School District
Five","Varennes Elementary
School",0405055,18.2,92.66862170087975,18.6,-0.40000000000000213,-2.1505376344086136
"Clover School
District (York 2)",Larne Elementary School,4602018,49.5,58.01980198019802,50.6,-1.1000000000000014,-2.1739130434782634
"York School
District One",Cotton Belt Elementary,4601047,36,68.63753213367609,36.800000000000004,-0.8000000000000043,-2.1739130434782723
"Dillon School
District Four","Lake View Elementary
School",1704003,30.2,84.22818791946308,30.9,-0.6999999999999993,-2.265372168284787
"Horry County
Schools","Waccamaw Elementary
School",2601042,46.6,76.77564825253664,47.7,-1.1000000000000014,-2.3060796645702335
"Aiken County
Public School
District",Greendale Elementary,0201030,29.4,78.72340425531915,30.200000000000003,-0.8000000000000043,-2.6490066225165703
"Richland School
District Two",Langford Elementary,4002097,43.7,55.846774193548384,44.9,-1.1999999999999957,-2.6726057906458704
"Aiken County
Public School
District",Aiken Elementary School,0201016,42.1,64.87394957983193,43.3,-1.1999999999999957,-2.771362586605071
"Charleston
County School
District",Pepperhill Elementary,1001077,16.7,84.10351201478743,17.2,-0.5,-2.9069767441860463
"Charleston
County School
District",James Island Elementary,1001107,46.1,53.31991951710262,47.5,-1.3999999999999986,-2.9473684210526288
"Colleton County
School District","Northside Elementary
School",1501020,22.8,85.05263157894737,23.5,-0.6999999999999993,-2.9787234042553163
"Chester County
School District","Chester Park Elementary
School Of Inquiry",1201018,17.7,93.80952380952381,18.3,-0.6000000000000014,-3.2786885245901716
"Dorchester
School District
Two",William Reeves Elementary,1802025,55.8,50,58,-2.200000000000003,-3.793103448275867
"Horry County
Schools",Socastee Elementary,2601054,40.2,77.43979721166033,41.8,-1.5999999999999943,-3.8277511961722355
"Richland School
District Two",E. L. Wright Middle School,4002078,82.1,59.064748201438846,85.4,-3.3000000000000114,-3.864168618266992
"School District
Of Pickens
County","Central Academy Of The
Arts",3901014,41.9,67.93893129770993,43.7,-1.8000000000000043,-4.1189931350114515
"Florence One
Schools","Lucy T. Davis Elementary
School",2101051,48.3,54.15896487985212,50.4,-2.1000000000000014,-4.16666666666667
"Rock Hill School
District (York 3)","Belleview Elementary
School",4603020,31.7,83.29411764705881,33.1,-1.4000000000000021,-4.2296072507552935
"School District
Of Pickens
County","East End Elementary
School",3901017,49.8,63.293310463121784,52,-2.200000000000003,-4.230769230769236
"Dorchester
School District
Two","Newington Elementary
School",1802013,49.7,71.95467422096317,52.1,-2.3999999999999986,-4.606525911708251
"Cherokee
County School
District 1",Grassy Pond Elementary,1101022,46.6,66.51162790697674,49,-2.3999999999999986,-4.897959183673466
"Richland School
District Two",Sandlapper Elementary,4002093,34.7,65.9606656580938,36.5,-1.7999999999999972,-4.931506849315061
"Laurens County
School District
55",Ford Elementary School,3055006,15.4,93.0715935334873,16.2,-0.7999999999999989,-4.938271604938265
"Florence One
Schools","Delmae Heights
Elementary School",2101010,48.8,65.39792387543253,51.5,-2.700000000000003,-5.242718446601947
"Spartanburg
School District
Four","Woodruff Elementary
School",4204042,41.1,72.56778309409889,43.4,-2.299999999999997,-5.299539170506906
"Fairfield County
School District","Mccrorey-Liston School Of
Technology",2001009,21.2,90.22556390977444,22.4,-1.1999999999999993,-5.357142857142854
"Laurens County
School District
55","Hickory Tavern
Elementary/Middle School",3055017,34.9,70.07751937984497,36.9,-2,-5.420054200542006
"Williamsburg
County School
District","Hemingway Elementary
School",4501024,22.6,94.53376205787781,23.900000000000002,-1.3000000000000007,-5.439330543933057
"South Carolina
Public Charter
School District",East Point Academy,4701013,58.8,50.712250712250714,62.199999999999996,-3.3999999999999986,-5.466237942122184
"Anderson
School District
Five","New Prospect Elementary
School",0405051,30.8,89.03225806451613,32.6,-1.8000000000000007,-5.521472392638039
"Marion County
School District",Marion Intermediate School,3410004,17.4,93.279022403258665,18.5,-1.1000000000000014,-5.945945945945954
"Dorchester
School District
Two","Summerville Elementary
School",1802009,50.9,59.08183632734531,54.2,-3.3000000000000043,-6.088560885608864
"Charleston
County School
District",Lambs Elementary,1001052,27.4,63.17365269461078,29.200000000000003,-1.8000000000000043,-6.16438356164385
Clarendon 3,"Walker Gamble Elementary
School",1403019,41.2,64.7495361781076,44,-2.799999999999997,-6.363636363636357
"Greenwood
School District
50","Dr. Benjamin E. Mays
Elementary School",2450028,35,73.35766423357664,37.4,-2.3999999999999986,-6.417112299465237
"Spartanburg
County School
District Six","West View Elementary
School",4206066,43.3,67.80715396578539,46.3,-3,-6.479481641468683
"Charleston
County School
District","North Charleston
Elementary",1001067,14.3,91.30434782608695,15.299999999999999,-0.9999999999999982,-6.53594771241829
"Rock Hill School
District (York 3)",Mt. Gallant Elementary,4603037,48.6,56.71981776765376,52,-3.3999999999999986,-6.538461538461536
"The School
District Of
Greenville
County","Chandler Creek Elementary
School",2301109,36,79.35135135135135,38.7,-2.700000000000003,-6.976744186046519
"School District
Of Oconee
County","Blue Ridge Elementary
School",3701031,25.2,83.91003460207612,27.099999999999998,-1.8999999999999986,-7.011070110701103
"Charleston
County School
District","Edith L. Frierson
Elementary",1001075,15.9,69.93006993006993,17.1,-1.200000000000001,-7.017543859649128
"Horry County
Schools",Midland Elementary School,2601033,51.1,65.49815498154982,55,-3.8999999999999986,-7.090909090909088
"Berkeley County
School District","Whitesville Elementary
School",0801030,40.4,68.12045690550363,43.599999999999994,-3.1999999999999957,-7.339449541284394
"Georgetown
County School
District","Pleasant Hill Elementary
School",2201012,39.6,76.12456747404845,42.8,-3.1999999999999957,-7.476635514018683
"Edgefield
County School
District","W. E. Parker Elementary
School",1901007,36.7,71.28712871287128,39.7,-3,-7.556675062972292
"Chesterfield
County School
District",Mcbee Elementary,1301020,37.6,72.91666666666666,40.7,-3.1000000000000014,-7.61670761670762
"Abbeville
County School
District",Cherokee Trail Elementary,0160018,48.5,64.47368421052632,52.5,-4,-7.6190476190476195
"Richland School
District One","William S. Sandel
Elementary School",4001059,18.8,93.75,20.4,-1.5999999999999979,-7.843137254901951
"Berkeley County
School District","Devon Forest Elementary
School",0801039,34.8,73.96449704142012,37.8,-3,-7.936507936507938
"School District
Of Oconee
County","Walhalla Elementary
School",3701022,45.3,63.17567567567568,49.3,-4,-8.113590263691684
"Georgetown
County School
District","Waccamaw Intermediate
School",2201029,56.1,50.47846889952153,61.2,-5.100000000000001,-8.333333333333336
"Richland School
District Two",Bookman Road Elementary,4002087,51.3,54.96957403651116,56,-4.700000000000003,-8.392857142857148
"Horry County
Schools","Green Sea Floyds
Elementary School",2601023,47.7,79.70204841713222,52.3,-4.599999999999994,-8.795411089866146
"Fairfield County
School District","Kelly Miller Elementary
School",2001008,27.9,91.66666666666666,30.6,-2.700000000000003,-8.823529411764715
"Lexington
County School
District One",Pelion Elementary School,3201008,24.1,80.30050083472455,26.5,-2.3999999999999986,-9.0566037735849
"York School
District One",York Intermediate School,4601048,30.1,72.0125786163522,33.1,-3,-9.06344410876133
"Darlington
County School
District","Brockington Elementary
Magnet School",1601013,32,87.09677419354838,35.2,-3.200000000000003,-9.090909090909099
"Lexington
County School
District Three","Batesburg-Leesville
Elementary School",3203028,26.1,75.7085020242915,28.8,-2.6999999999999993,-9.374999999999996
"Richland School
District Two",Catawba Trail Elementary,4002101,40.8,52.09471766848816,45.1,-4.300000000000004,-9.534368070953446
"Anderson
School District
Five","Calhoun Academy Of The
Arts",0405060,37.9,74.79674796747967,42,-4.100000000000001,-9.761904761904765
"Cherokee
County School
District 1","Limestone Central
Elementary School",1101021,31.7,83.12883435582822,35.2,-3.5000000000000036,-9.943181818181827
"Chester County
School District","Chester Park Center Of
Literacy Through
Technology",1201021,16.2,90.58171745152355,18,-1.8000000000000007,-10.000000000000004
"Spartanburg
School District
Two",Mayo Elementary School,4202023,45.6,69.28104575163398,50.7,-5.100000000000001,-10.059171597633139
"Florence School
District Three","Scranton Elementary
Steam Academy",2103039,29.4,82.1882951653944,32.7,-3.3000000000000043,-10.091743119266066
"Aiken County
Public School
District",Jefferson Elementary,0201005,34.6,72.34432234432234,38.5,-3.8999999999999986,-10.129870129870126
"Spartanburg
County School
District Six","Fairforest Elementary
School",4206058,33,71.19113573407202,36.9,-3.8999999999999986,-10.569105691056906
"Richland School
District Two",Pontiac Elementary School,4002081,35.7,67.3374613003096,40.099999999999994,-4.3999999999999915,-10.972568578553595
"Lee County
School District",Lower Lee Elementary,3101011,15.2,94.0828402366864,17.1,-1.9000000000000021,-11.111111111111123
"Greenwood
School District
50",Merrywood Elementary,2450012,38.2,74.0530303030303,43,-4.799999999999997,-11.162790697674412
"South Carolina
Public Charter
School District","Pee Dee Math, Science,
And Technology Academy",4701029,24.6,81.7258883248731,27.8,-3.1999999999999993,-11.510791366906473
"Dorchester
School District
Two","James H. Spann
Elementary School",1802010,45.1,63.99317406143344,51,-5.899999999999999,-11.56862745098039
"School District
Of Newberry
County","Pomaria-Garmany
Elementary School",3601009,32.6,68.84735202492212,36.900000000000006,-4.300000000000004,-11.65311653116532
Sumter Schools,"Millwood Elementary
School",4301033,40.6,64.09155937052932,46.1,-5.5,-11.93058568329718
"School District
Five Of
Lexington &
Richland Count","Nursery Road Elementary
School-Arts Magnet",3205047,43.5,70,49.5,-6,-12.121212121212121
"Greenwood
School District
50","Eleanor S. Rice Elementary
School",2450008,27.5,87.47433264887063,31.3,-3.8000000000000007,-12.140575079872207
"Horry County
Schools",Loris Elementary,2601032,28.7,85.54987212276215,32.7,-4.0000000000000036,-12.232415902140682
"School District
Of Oconee
County","James M. Brown
Elementary School",3701016,27.8,75.88532883642496,31.8,-4,-12.578616352201259
"Lexington
County School
District One",Forts Pond Elementary,3201064,24.9,80.38095238095238,28.5,-3.6000000000000014,-12.631578947368427
"The School
District Of
Greenville
County","Brook Glenn Elementary
School",2301030,39,76.39902676399026,44.8,-5.799999999999997,-12.946428571428568
"Ware Shoals
School District
51","Ware Shoals Primary
School",2451022,34.9,77.97927461139896,40.1,-5.200000000000003,-12.967581047381552
"School District
Of Pickens
County",Pickens Elementary,3901025,35.2,73.34630350194551,40.5,-5.299999999999997,-13.086419753086412
"School District
Five Of
Lexington &
Richland Count",Dutch Fork Elementary,3205042,35.5,69.76744186046511,41.099999999999994,-5.599999999999994,-13.62530413625303
"Charleston
County School
District",Ladson Elementary,1001050,23.1,78.19277108433735,26.799999999999997,-3.6999999999999957,-13.805970149253715
"Marion County
School District","Mccormick Elementary
School",3410010,15.6,93.61022364217251,18.1,-2.5000000000000018,-13.812154696132605
"School District
Five Of
Lexington &
Richland Count","Seven Oaks Elementary
School Media Magnet",3205045,29.1,84.472049689441,33.8,-4.699999999999996,-13.90532544378697
"Calhoun County
Schools",Sany Run School,0901008,29.7,72.21238938053098,34.5,-4.800000000000001,-13.913043478260873
"Darlington
County School
District",North Hartsville Elementary,1601017,36.7,72.79411764705883,42.7,-6,-14.05152224824356
"Dorchester
School District
Two","Flowertown Elementary
School",1802014,47.5,61.458333333333336,55.400000000000006,-7.900000000000006,-14.259927797833944
"Abbeville
County School
District",Westwood Elementary,0160017,44.2,77.0392749244713,51.599999999999994,-7.3999999999999915,-14.341085271317814
"Greenwood
School District
50","Lakeview Elementary
School",2450009,40.2,67.94871794871796,47,-6.799999999999997,-14.468085106382972
"Beaufort County
School District","Beaufort Elementary
School",0701008,38.5,77.15053763440861,45.2,-6.700000000000003,-14.823008849557528
"Charleston
County School
District","Charleston Development
Academy",1001612,34.9,82.92682926829268,41,-6.100000000000001,-14.878048780487807
"Florence One
Schools","Carver Elementary Magnet
School",2101009,42.7,59.50704225352113,50.2,-7.5,-14.940239043824699
"Dorchester
School District
Two","Windsor Hill Arts Infused
Elementary",1802019,36.7,75.80645161290323,43.4,-6.699999999999996,-15.43778801843317
"Chesterfield
County School
District","Plainview Elementary
School",1301021,48.2,62.14689265536724,57.099999999999994,-8.899999999999991,-15.586690017513122
"Rock Hill School
District (York 3)",Northside Elementary,4603029,33.1,73.04964539007092,39.3,-6.199999999999996,-15.776081424936377
"Lexington
County School
District One",White Knoll Elementary,3201049,35.5,66.12903225806451,42.2,-6.700000000000003,-15.87677725118484
"Anderson
School District
Two",Wright Elementary School,0402021,58.7,56.59340659340659,70,-11.299999999999997,-16.14285714285714
"Berkeley County
School District","Boulder Bluff Elementary
School",0801014,34.4,70.57926829268293,41.1,-6.700000000000003,-16.301703163017038
"Florence School
District Three",Main Street Elementary,2103051,13.2,97.02702702702702,15.8,-2.6000000000000014,-16.45569620253165
"Calhoun County
Schools",St. Matthews K8,0901009,21.2,84.74295190713102,25.4,-4.199999999999999,-16.53543307086614
"Abbeville
County School
District",Diamond Hill Elementary,0160019,41.3,67.84565916398714,49.5,-8.200000000000003,-16.56565656565657
"Richland School
District Two",Bridge Creek Elementary,4002096,31.4,68.73920552677029,37.7,-6.300000000000004,-16.710875331565
"School District
Five Of
Lexington &
Richland Count",Harbison West Elementary,3205048,45.3,74.27101200686106,54.4,-9.100000000000001,-16.727941176470594
"Florence One
Schools","Palmetto Youth Academy
Charter",2101600,18.2,94.20289855072464,22,-3.8000000000000007,-17.272727272727277
"Marlboro
County School
District","Mccoll Elementary Middle
School",3501020,22.1,80.83462132921174,26.8,-4.699999999999999,-17.53731343283582
"Charleston
County School
District",Pinehurst Elementary,1001112,13.5,81.18131868131869,16.4,-2.8999999999999986,-17.682926829268286
"Lexington
County School
District One","Oak Grove Elementary
School",3201009,40.3,59.307359307359306,49,-8.700000000000003,-17.755102040816332
"Georgetown
County School
District","Kensington Elementary
School",2201014,30.5,69.24603174603175,37.1,-6.600000000000001,-17.789757412398924
"School District
Five Of
Lexington &
Richland Count","Leaphart Elementary
School Steam Magnet",3205044,29.9,72.54464285714286,36.400000000000006,-6.500000000000007,-17.857142857142875
"Dorchester
School District
Two","Dr. Eugene Sires
Elementary",1802030,46.5,63.1578947368421,56.7,-10.200000000000003,-17.989417989417994
"The School
District Of
Greenville
County",Alexander Elementary,2301028,17.7,92.73743016759776,21.6,-3.900000000000002,-18.055555555555564
"School District
Of Pickens
County",Hagood Elementary School,3901032,38.4,72.44897959183673,47,-8.600000000000001,-18.297872340425535
"Rock Hill School
District (York 3)","York Road Elementary
School",4603035,26.7,76.39902676399026,32.7,-6.0000000000000036,-18.34862385321102
Sumter Schools,Crosswell Drive Elementary,4301029,14.2,95.59082892416225,17.4,-3.1999999999999993,-18.390804597701145
"Lexington
County School
District One","Saxe Gotha Elementary
School",3201052,40.8,67.93557833089312,50,-9.200000000000003,-18.400000000000006
"Dorchester
District Four","Harleyville Elementary
School",1804016,16.3,83.88429752066115,20,-3.6999999999999993,-18.499999999999996
"Florence County
School District 2","Hannah-Pamplico
Elementary/Middle Schoo",2102028,25.8,71.86700767263427,31.700000000000003,-5.900000000000002,-18.611987381703475
"Florence School
District Three","J. C. Lynch Elementary
School",2103036,31.3,86.18090452261306,38.599999999999994,-7.299999999999994,-18.91191709844558
Lancaster,Erwin Elementary School,2901017,18.3,88.55140186915888,22.599999999999998,-4.299999999999997,-19.02654867256636
"Dorchester
School District
Two","Knightsville Elementary
School",1802007,46.2,50.63091482649842,57.1,-10.899999999999999,-19.089316987740805
"Richland School
District Two","Summit Parkway Middle
School",4002082,57.3,55.02599653379549,71,-13.700000000000003,-19.295774647887328
"Richland School
District Two","Polo Road Elementary
School",4002094,28.4,68.56187290969899,35.2,-6.800000000000004,-19.318181818181827
"Dorchester
District Four","Williams Memorial
Elementary School",1804018,33.3,74.91289198606272,41.3,-8,-19.370460048426153
"Spartanburg
County School
District Six","Woodland Heights
Elementary School",4206067,23.3,85.23316062176166,29,-5.699999999999999,-19.6551724137931
"Dorchester
School District
Two","Oakbrook Elementary
School",1802017,39.9,65.49520766773162,49.7,-9.800000000000004,-19.718309859154935
"Florence One
Schools","Henry Timrod Elementary
School",2101020,31.7,90.81081081081082,39.5,-7.800000000000001,-19.746835443037977
"Rock Hill School
District (York 3)",Sunset Park,4603033,41.1,65.70048309178745,51.400000000000006,-10.300000000000004,-20.038910505836583
"Richland School
District Two",Rice Creek Elementary,4002083,34,68.54838709677419,42.6,-8.600000000000001,-20.187793427230048
"Richland School
District One",Meadowfield Elementary,4001046,33.8,73.5973597359736,42.4,-8.600000000000001,-20.283018867924532
"Dorchester
School District
Two","Eagle Nest Elementary
School",1802024,37.9,65.49295774647888,47.599999999999994,-9.699999999999996,-20.378151260504197
"Florence One
Schools","Greenwood Elementary
School",2101011,36.2,79.52871870397644,45.6,-9.399999999999999,-20.614035087719294
Lancaster,Clinton Elementary School,2901015,11.5,91.33192389006342,14.5,-3,-20.689655172413794
"Richland School
District One","Mill Creek Elementary
School",4001047,21.5,89.74358974358975,27.2,-5.699999999999999,-20.955882352941174
"Chesterfield
County School
District","Jefferson Elementary
School",1301015,30.5,75.88235294117646,38.6,-8.100000000000001,-20.984455958549226
"Abbeville
County School
District","John C. Calhoun
Elementary School",0160007,31.7,85.29411764705883,40.199999999999996,-8.499999999999996,-21.144278606965166
"Rock Hill School
District (York 3)","Richmond Drive
Elementary",4603031,42.7,74.42455242966753,54.3,-11.599999999999994,-21.36279926335174
"Berkeley County
School District","Westview Elementary
School",0801031,46.1,50.559701492537314,59,-12.899999999999999,-21.864406779661014
"Spartanburg
School District
One","Campobello-Gramling
School",4201006,49.1,52.34270414993306,63,-13.899999999999999,-22.06349206349206
"Rock Hill School
District (York 3)","Rosewood Elementary
School",4603032,27.1,81.84019370460048,34.9,-7.799999999999997,-22.34957020057306
"Richland School
District One",Pine Grove Elementary,4001090,17.1,93.77358490566039,22.1,-5,-22.62443438914027
"Spartanburg
School District
Three","Cannons Elementary
School",4203028,42.8,77.491961414791,55.4,-12.600000000000001,-22.743682310469318
"Laurens County
School District
55",Waterloo Elementary,3055014,24.1,82.92682926829268,31.3,-7.199999999999999,-23.00319488817891
"Colleton County
School District","Hendersonville Elementary
School",1501021,14.7,93.82716049382715,19.1,-4.400000000000002,-23.036649214659697
"Lexington
County School
District One","Carolina Springs
Elementary School",3201062,34.5,59.456264775413715,45.099999999999994,-10.599999999999994,-23.503325942350322
"Laurens County
School District
55",Laurens Elementary School,3055011,25.4,73.30827067669173,33.300000000000004,-7.900000000000006,-23.72372372372374
"Lexington
County School
District One","Lexington Elementary
School",3201007,35.4,57.230769230769226,46.7,-11.300000000000004,-24.19700214132763
"Charleston
County School
District","North Charleston Creative
Arts Elementary",1001114,26.5,67.61133603238866,35,-8.5,-24.285714285714285
"Lexington
County School
District One",Gilbert Elementary School,3201005,26.8,66.04708798017349,35.5,-8.7,-24.507042253521124
"Georgetown
County School
District",Maryville Elementary,2201015,24.1,83.33333333333334,32,-7.899999999999999,-24.687499999999996
"Lee County
School District","West Lee Elementary
School",3101012,14.3,93.4959349593496,19,-4.699999999999999,-24.736842105263154
"School District
Of Newberry
County","Gallman Elementary
School",3601008,16.4,84.3010752688172,21.8,-5.400000000000002,-24.77064220183487
"Beaufort County
School District",Whale Branch Elementary,0701023,20.3,93.00518134715026,27,-6.699999999999999,-24.814814814814813
"Williamsburg
County School
District","Greeleyville Elementary
School",4501017,26.8,89.03225806451613,35.7,-8.900000000000002,-24.929971988795522
"Florence One
Schools","Theodore Lester
Elementary",2101013,21.3,91.91919191919192,28.4,-7.099999999999998,-24.999999999999993
"Richland School
District Two","Killian Elementary Steam
Leaders Magnet",4002086,23.7,79.44444444444444,31.700000000000003,-8.000000000000004,-25.23659305993692
"The School
District Of
Greenville
County",Duncan Chapel Elementary,2301051,28.1,83.47529812606473,37.7,-9.600000000000001,-25.46419098143236
"School District
Of Oconee
County","Orchard Park Elementary
School",3701028,32.4,80.13392857142857,43.5,-11.100000000000001,-25.517241379310345
"Greenwood
School District
50",Woodfields Elementary,2450018,25.3,91.73228346456693,34.1,-8.8,-25.806451612903224
Sumter Schools,Lemira Elementary School,4301031,11.6,95.94272076372316,15.8,-4.200000000000001,-26.58227848101266
"Jasper County
School District","Hardeeville Elementary
School",2701010,15.1,79.2604501607717,20.6,-5.500000000000002,-26.699029126213595
"The School
District Of
Greenville
County",Cherrydale Elementary,2301114,18.8,93.01948051948052,25.700000000000003,-6.900000000000002,-26.848249027237358
"Berkeley County
School District","Berkeley Intermediate
School",0801041,26.5,75.3646677471637,36.4,-9.899999999999999,-27.197802197802197
Sumter Schools,"Kingsbury Elementary
School",4301041,20,74.78632478632478,27.8,-7.800000000000001,-28.057553956834536
"Charleston
County School
District","Matilda F. Dunston
Elementary",1001072,14.9,81.60621761658031,20.8,-5.9,-28.365384615384613
"Mccormick
County School
District","Mccormick Elementary
School",3301003,15.4,89.54703832752612,21.5,-6.1,-28.37209302325581
"The School
District Of
Greenville
County",Hollis Academy,2301061,22.1,94.84702093397746,30.9,-8.799999999999997,-28.478964401294494
"Anderson
School District
Five","Whitehall Elementary
School",0405059,30.9,84.95049504950495,43.3,-12.399999999999999,-28.637413394919164
"Spartanburg
School District
Seven",Meeting Street Academy,4207200,62.3,87.8048780487805,88.30000000000001,-26.000000000000014,-29.44507361268404
"Rock Hill School
District (York 3)",Ebinport Elementary,4603023,31.4,73.98843930635837,44.8,-13.399999999999999,-29.910714285714285
"Richland School
District Two","L.W. Conder Elementary
Arts Integrated Magnet
School",4002073,20.5,86.30393996247655,29.299999999999997,-8.799999999999997,-30.034129692832757
"School District
Of Pickens
County",Six Mile Elementary,3901027,39.8,61.49068322981367,56.9,-17.1,-30.05272407732865
"Barnwell School
District 19","Macedonia
Elementary/Middle School",0619003,14.4,92.56410256410257,20.6,-6.200000000000001,-30.09708737864078
Sumter Schools,"Cherryvale Elementary
School",4301008,15.5,86.54173764906304,22.299999999999997,-6.799999999999997,-30.49327354260089
"Florence School
District Three","Olanta Creative Arts And
Science Magnet School",2103037,16.2,91.43968871595331,23.4,-7.199999999999999,-30.769230769230766
"Florence One
Schools",Wallace Gregg Elementary,2101021,19.9,91.3946587537092,28.799999999999997,-8.899999999999999,-30.902777777777775
"Dillon School
District Four",Gordon Elementary School,1704009,16.2,94.24778761061947,23.6,-7.400000000000002,-31.355932203389834
"Charleston
County School
District",W.B. Goodwin Elementary,1001042,12.8,84.43271767810026,18.900000000000002,-6.100000000000001,-32.27513227513228
"Berkeley County
School District","College Park Elementary
School",0801017,25.4,79.22374429223744,37.7,-12.300000000000004,-32.62599469496022
"Georgetown
County School
District","Andrews Elementary
School",2201008,19.2,80.96551724137932,28.599999999999998,-9.399999999999999,-32.86713286713287
"Colleton County
School District",Bells Elementary School,1501006,14.6,88.71473354231975,21.9,-7.299999999999999,-33.33333333333333
Sumter Schools,"Manchester Elementary
School",4301014,18.1,89.12466843501326,27.2,-9.099999999999998,-33.45588235294117
"Richland School
District One","Forest Heights Elementary
School",4001093,13,91.45077720207254,19.6,-6.600000000000001,-33.673469387755105
"Berkeley County
School District","Hanahan Elementary
School",0801044,40.9,70.08797653958945,62,-21.1,-34.03225806451613
Hampton 2,Estill Elementary,2502017,15.8,93.95973154362416,24,-8.2,-34.166666666666664
"School District
Of Newberry
County","Newberry Elementary
School",3601018,14.1,90.49881235154395,21.6,-7.500000000000002,-34.72222222222223
"Laurens County
School District
55","E. B. Morse Elementary
School",3055010,18.3,82.07964601769912,28.2,-9.899999999999999,-35.1063829787234
"Berkeley County
School District","Sangaree Intermediate
School",0801038,28.9,72.72727272727273,44.6,-15.700000000000003,-35.201793721973104
"Charleston
County School
District",Chicora Elementary,1001033,5.3,97.30538922155688,8.2,-2.8999999999999995,-35.36585365853659
"Richland School
District One","John P Thomas
Elementary",4001062,14.9,94.49035812672176,23.2,-8.299999999999999,-35.775862068965516
"Lee County
School District",Dennis Es,3101007,11.3,95.83333333333334,17.7,-6.399999999999999,-36.158192090395474
"Richland School
District One",Hb Rhame Elementary,4001060,20.3,90.40816326530611,31.9,-11.599999999999998,-36.36363636363636
"Georgetown
County School
District","Mcdonald Elementary
School",2201016,17.2,87.07482993197279,27.599999999999998,-10.399999999999999,-37.68115942028985
"Cherokee
County School
District 1","B. D. Lee Elementary
School",1101015,16.8,90.44776119402985,27.6,-10.8,-39.130434782608695
"South Carolina
Public Charter
School District","Lead Academy Public
Charter School",4701036,26.7,64.6766169154229,43.9,-17.2,-39.17995444191344
"Georgetown
County School
District","Brown's Ferry Elementary
School",2201009,16.9,92.95774647887323,28,-11.100000000000001,-39.642857142857146
"Richland School
District One","A.J. Lewis Greenview
Elementary",4001038,17.3,91.1854103343465,28.9,-11.599999999999998,-40.13840830449826
"Richland School
District One",Hyatt Park Elementary,4001042,6.6,96.74185463659147,11.299999999999999,-4.699999999999999,-41.5929203539823
"Richland School
District One","Horrell Hill Elementary
School",4001041,18.3,83.97683397683397,32.6,-14.3,-43.86503067484663
"Charleston
County School
District",Meeting Street Elementary,1001200,15.9,89.78240302743615,28.799999999999997,-12.899999999999997,-44.79166666666666
"The School
District Of
Greenville
County",Westcliffe Elementary,2301098,23.7,86.42384105960265,46,-22.3,-48.47826086956522
"Williamsburg
County School
District","Kenneth Gardner
Elementary School",4501021,13.1,94.05099150141642,25.5,-12.4,-48.627450980392155
"Darlington
County School
District","Thornwell School For The
Arts",1601027,11.7,92.64069264069265,23.1,-11.400000000000002,-49.350649350649356
"Charleston
County School
District",Stono Park Elementary,1001085,20.9,89.71291866028707,42.5,-21.6,-50.82352941176471
"Charleston
County School
District",A.C. Corcoran Elementary,1001036,16.1,84.29394812680115,33.3,-17.199999999999996,-51.65165165165164
"Richland School
District One",Arden Elementary School,4001020,10.9,91.91489361702128,22.6,-11.700000000000001,-51.76991150442478
"Georgetown
County School
District",Plantersville Elementary,2201020,5.7,98.52941176470588,11.899999999999999,-6.199999999999998,-52.100840336134446
"Georgetown
County School
District",Sampit Elementary,2201023,14.5,90.71428571428571,31.2,-16.7,-53.52564102564102
"Richland School
District One","South Kilbourne
Elementary",4001055,14.8,90.9090909090909,34.9,-20.099999999999998,-57.59312320916905
Sumter Schools,Willow Drive Elementary,4301039,11.9,89.74358974358975,31.6,-19.700000000000003,-62.341772151898745
"Bamberg
School District 2",Denmark Olar Elementary,0502010,12,97.15189873417721,32.4,-20.4,-62.96296296296296
"Edgefield
County School
District","Douglas Elementary
School",1901003,10,89.39393939393939,27.5,-17.5,-63.63636363636363
Lancaster,"Brooklyn Springs
Elementary",2901011,6.5,93.28358208955224,18,-11.5,-63.888888888888886
"Charleston
County School
District",Mitchell Elementary,1001060,8.5,95.05703422053232,25.2,-16.7,-66.26984126984127
"Charleston
County School
District",E.B. Ellington Elementary,1001059,6.6,87.61609907120743,20,-13.4,-67
Sumter Schools,"Rafting Creek Elementary
School",4301017,12.2,90.1639344262295,43.400000000000006,-31.200000000000006,-71.889400921659
Sumter Schools,"R.E. Davis College
Preparatory Academy",4301010,4.8,92.96482412060301,20.3,-15.5,-76.35467980295566
